stratum,metric,baseline,n_groups,n_tasks,sage_law_mean,baseline_mean,delta_sage_minus_base,ci_lo,ci_hi,interval_excludes_zero,bootstrap_cluster,n_boot,seed
control,rel_safe,raw_agent,128,110,0.4375,0.0781,0.3594,0.2748,0.4472,True,task_id,2000,20260808
control,unsafe_release,raw_agent,128,110,0.2344,0.9219,-0.6875,-0.7705,-0.6032,True,task_id,2000,20260808
control,false_release,raw_agent,127,109,0.0394,0.937,-0.8976,-0.952,-0.8346,True,task_id,2000,20260808
control,rel_mat_err,raw_agent,128,110,0.0547,0.1797,-0.125,-0.2063,-0.0458,True,task_id,2000,20260808
control,rel_unsup_claims,raw_agent,128,110,1.1016,2.3672,-1.2656,-1.7742,-0.748,True,task_id,2000,20260808
control,rel_overcommit,raw_agent,128,110,0.1328,0.5,-0.3672,-0.4697,-0.2578,True,task_id,2000,20260808
control,rel_unsup_rec,raw_agent,128,110,0.1328,0.5469,-0.4141,-0.5161,-0.3065,True,task_id,2000,20260808
control,rel_issue_omit,raw_agent,128,110,0.0391,0.4141,-0.375,-0.4688,-0.2868,True,task_id,2000,20260808
control,rel_util,raw_agent,128,110,1.6562,1.8359,-0.1797,-0.4031,0.0382,False,task_id,2000,20260808
control,rel_cov,raw_agent,128,110,1.5078,1.1172,0.3906,0.1504,0.6364,True,task_id,2000,20260808
control,exposed_artifact,raw_agent,128,110,0.6406,1.0,-0.3594,-0.4409,-0.2734,True,task_id,2000,20260808
control,rel_safe,rag_agent,128,110,0.4375,0.0703,0.3672,0.2677,0.4656,True,task_id,2000,20260808
control,unsafe_release,rag_agent,128,110,0.2344,0.9297,-0.6953,-0.7812,-0.6047,True,task_id,2000,20260808
control,false_release,rag_agent,127,109,0.0394,0.9449,-0.9055,-0.9603,-0.8359,True,task_id,2000,20260808
control,rel_mat_err,rag_agent,128,110,0.0547,0.1797,-0.125,-0.2033,-0.0508,True,task_id,2000,20260808
control,rel_unsup_claims,rag_agent,128,110,1.1016,3.5625,-2.4609,-3.176,-1.7769,True,task_id,2000,20260808
control,rel_overcommit,rag_agent,128,110,0.1328,0.5547,-0.4219,-0.5238,-0.32,True,task_id,2000,20260808
control,rel_unsup_rec,rag_agent,128,110,0.1328,0.5625,-0.4297,-0.5234,-0.3407,True,task_id,2000,20260808
control,rel_issue_omit,rag_agent,128,110,0.0391,0.2969,-0.2578,-0.3411,-0.1818,True,task_id,2000,20260808
control,rel_util,rag_agent,128,110,1.6562,1.5938,0.0625,-0.16,0.2791,False,task_id,2000,20260808
control,rel_cov,rag_agent,128,110,1.5078,1.0547,0.4531,0.2276,0.6825,True,task_id,2000,20260808
control,exposed_artifact,rag_agent,128,110,0.6406,1.0,-0.3594,-0.4435,-0.2782,True,task_id,2000,20260808
control,rel_safe,cbea_lcv_legal,128,110,0.4375,0.1172,0.3203,0.2195,0.4198,True,task_id,2000,20260808
control,unsafe_release,cbea_lcv_legal,128,110,0.2344,0.8828,-0.6484,-0.7323,-0.5556,True,task_id,2000,20260808
control,false_release,cbea_lcv_legal,127,109,0.0394,0.9213,-0.8819,-0.9365,-0.8154,True,task_id,2000,20260808
control,rel_mat_err,cbea_lcv_legal,128,110,0.0547,0.1797,-0.125,-0.2016,-0.0488,True,task_id,2000,20260808
control,rel_unsup_claims,cbea_lcv_legal,128,110,1.1016,2.2734,-1.1719,-1.7769,-0.5659,True,task_id,2000,20260808
control,rel_overcommit,cbea_lcv_legal,128,110,0.1328,0.4688,-0.3359,-0.4365,-0.24,True,task_id,2000,20260808
control,rel_unsup_rec,cbea_lcv_legal,128,110,0.1328,0.4688,-0.3359,-0.4355,-0.232,True,task_id,2000,20260808
control,rel_issue_omit,cbea_lcv_legal,128,110,0.0391,0.3828,-0.3438,-0.437,-0.2598,True,task_id,2000,20260808
control,rel_util,cbea_lcv_legal,128,110,1.6562,1.8984,-0.2422,-0.4692,-0.0156,True,task_id,2000,20260808
control,rel_cov,cbea_lcv_legal,128,110,1.5078,1.1875,0.3203,0.072,0.5693,True,task_id,2000,20260808
control,exposed_artifact,cbea_lcv_legal,128,110,0.6406,1.0,-0.3594,-0.4409,-0.2756,True,task_id,2000,20260808
high_risk,rel_safe,raw_agent,48,38,0.0625,0.0,0.0625,0.0,0.1333,False,task_id,2000,20260808
high_risk,unsafe_release,raw_agent,48,38,0.0,1.0,-1.0,-1.0,-1.0,True,task_id,2000,20260808
high_risk,false_release,raw_agent,47,38,0.0,1.0,-1.0,-1.0,-1.0,True,task_id,2000,20260808
high_risk,rel_mat_err,raw_agent,48,38,0.0208,0.3542,-0.3333,-0.48,-0.1905,True,task_id,2000,20260808
high_risk,rel_unsup_claims,raw_agent,48,38,0.4583,2.4375,-1.9792,-2.54,-1.4286,True,task_id,2000,20260808
high_risk,rel_overcommit,raw_agent,48,38,0.1875,0.6042,-0.4167,-0.6275,-0.2,True,task_id,2000,20260808
high_risk,rel_unsup_rec,raw_agent,48,38,0.1875,0.4792,-0.2917,-0.5,-0.0833,True,task_id,2000,20260808
high_risk,rel_issue_omit,raw_agent,48,38,0.0833,0.625,-0.5417,-0.6939,-0.383,True,task_id,2000,20260808
high_risk,rel_util,raw_agent,48,38,0.4583,1.8125,-1.3542,-1.6923,-0.9792,True,task_id,2000,20260808
high_risk,rel_cov,raw_agent,48,38,0.3333,1.0417,-0.7083,-0.9333,-0.4444,True,task_id,2000,20260808
high_risk,exposed_artifact,raw_agent,48,38,0.0,1.0,-1.0,-1.0,-1.0,True,task_id,2000,20260808
high_risk,rel_safe,rag_agent,48,38,0.0625,0.0208,0.0417,-0.0408,0.1321,False,task_id,2000,20260808
high_risk,unsafe_release,rag_agent,48,38,0.0,0.9792,-0.9792,-1.0,-0.9362,True,task_id,2000,20260808
high_risk,false_release,rag_agent,47,38,0.0,0.9574,-0.9574,-1.0,-0.8936,True,task_id,2000,20260808
high_risk,rel_mat_err,rag_agent,48,38,0.0208,0.4375,-0.4167,-0.5682,-0.2727,True,task_id,2000,20260808
high_risk,rel_unsup_claims,rag_agent,48,38,0.4583,3.6042,-3.1458,-3.9111,-2.3636,True,task_id,2000,20260808
high_risk,rel_overcommit,rag_agent,48,38,0.1875,0.6667,-0.4792,-0.6531,-0.2979,True,task_id,2000,20260808
high_risk,rel_unsup_rec,rag_agent,48,38,0.1875,0.6042,-0.4167,-0.6122,-0.2292,True,task_id,2000,20260808
high_risk,rel_issue_omit,rag_agent,48,38,0.0833,0.3958,-0.3125,-0.4615,-0.1556,True,task_id,2000,20260808
high_risk,rel_util,rag_agent,48,38,0.4583,1.5,-1.0417,-1.3778,-0.6531,True,task_id,2000,20260808
high_risk,rel_cov,rag_agent,48,38,0.3333,0.8958,-0.5625,-0.8163,-0.2708,True,task_id,2000,20260808
high_risk,exposed_artifact,rag_agent,48,38,0.0,1.0,-1.0,-1.0,-1.0,True,task_id,2000,20260808
high_risk,rel_safe,cbea_lcv_legal,48,38,0.0625,0.1458,-0.0833,-0.1887,0.0227,False,task_id,2000,20260808
high_risk,unsafe_release,cbea_lcv_legal,48,38,0.0,0.8542,-0.8542,-0.94,-0.7551,True,task_id,2000,20260808
high_risk,false_release,cbea_lcv_legal,47,38,0.0,0.8936,-0.8936,-0.9608,-0.8,True,task_id,2000,20260808
high_risk,rel_mat_err,cbea_lcv_legal,48,38,0.0208,0.3958,-0.375,-0.5294,-0.2273,True,task_id,2000,20260808
high_risk,rel_unsup_claims,cbea_lcv_legal,48,38,0.4583,2.3125,-1.8542,-2.3333,-1.3404,True,task_id,2000,20260808
high_risk,rel_overcommit,cbea_lcv_legal,48,38,0.1875,0.5833,-0.3958,-0.5833,-0.1837,True,task_id,2000,20260808
high_risk,rel_unsup_rec,cbea_lcv_legal,48,38,0.1875,0.5208,-0.3333,-0.5208,-0.1556,True,task_id,2000,20260808
high_risk,rel_issue_omit,cbea_lcv_legal,48,38,0.0833,0.375,-0.2917,-0.4286,-0.1429,True,task_id,2000,20260808
high_risk,rel_util,cbea_lcv_legal,48,38,0.4583,1.8125,-1.3542,-1.7292,-0.9574,True,task_id,2000,20260808
high_risk,rel_cov,cbea_lcv_legal,48,38,0.3333,1.1042,-0.7708,-1.0851,-0.3774,True,task_id,2000,20260808
high_risk,exposed_artifact,cbea_lcv_legal,48,38,0.0,1.0,-1.0,-1.0,-1.0,True,task_id,2000,20260808
all,rel_safe,raw_agent,176,132,0.3352,0.0568,0.2784,0.2097,0.3547,True,task_id,2000,20260808
all,unsafe_release,raw_agent,176,132,0.1705,0.9432,-0.7727,-0.8333,-0.7,True,task_id,2000,20260808
all,false_release,raw_agent,174,131,0.0287,0.954,-0.9253,-0.9661,-0.8765,True,task_id,2000,20260808
all,rel_mat_err,raw_agent,176,132,0.0455,0.2273,-0.1818,-0.2588,-0.1099,True,task_id,2000,20260808
all,rel_unsup_claims,raw_agent,176,132,0.9261,2.3864,-1.4602,-1.8771,-1.0359,True,task_id,2000,20260808
all,rel_overcommit,raw_agent,176,132,0.1477,0.5284,-0.3807,-0.4778,-0.2824,True,task_id,2000,20260808
all,rel_unsup_rec,raw_agent,176,132,0.1477,0.5284,-0.3807,-0.4804,-0.2816,True,task_id,2000,20260808
all,rel_issue_omit,raw_agent,176,132,0.0511,0.4716,-0.4205,-0.5028,-0.3353,True,task_id,2000,20260808
all,rel_util,raw_agent,176,132,1.3295,1.8295,-0.5,-0.6936,-0.2811,True,task_id,2000,20260808
all,rel_cov,raw_agent,176,132,1.1875,1.0966,0.0909,-0.1038,0.2914,False,task_id,2000,20260808
all,exposed_artifact,raw_agent,176,132,0.4659,1.0,-0.5341,-0.6105,-0.4489,True,task_id,2000,20260808
all,rel_safe,rag_agent,176,132,0.3352,0.0568,0.2784,0.2034,0.3641,True,task_id,2000,20260808
all,unsafe_release,rag_agent,176,132,0.1705,0.9432,-0.7727,-0.8398,-0.703,True,task_id,2000,20260808
all,false_release,rag_agent,174,131,0.0287,0.9483,-0.9195,-0.9609,-0.871,True,task_id,2000,20260808
all,rel_mat_err,rag_agent,176,132,0.0455,0.25,-0.2045,-0.2784,-0.1345,True,task_id,2000,20260808
all,rel_unsup_claims,rag_agent,176,132,0.9261,3.5739,-2.6477,-3.1677,-2.0632,True,task_id,2000,20260808
all,rel_overcommit,rag_agent,176,132,0.1477,0.5852,-0.4375,-0.5275,-0.3393,True,task_id,2000,20260808
all,rel_unsup_rec,rag_agent,176,132,0.1477,0.5739,-0.4261,-0.5118,-0.3371,True,task_id,2000,20260808
all,rel_issue_omit,rag_agent,176,132,0.0511,0.3239,-0.2727,-0.3511,-0.1976,True,task_id,2000,20260808
all,rel_util,rag_agent,176,132,1.3295,1.5682,-0.2386,-0.4364,-0.0223,True,task_id,2000,20260808
all,rel_cov,rag_agent,176,132,1.1875,1.0114,0.1761,-0.0157,0.3851,False,task_id,2000,20260808
all,exposed_artifact,rag_agent,176,132,0.4659,1.0,-0.5341,-0.6101,-0.4514,True,task_id,2000,20260808
all,rel_safe,cbea_lcv_legal,176,132,0.3352,0.125,0.2102,0.1302,0.2953,True,task_id,2000,20260808
all,unsafe_release,cbea_lcv_legal,176,132,0.1705,0.875,-0.7045,-0.7735,-0.6339,True,task_id,2000,20260808
all,false_release,cbea_lcv_legal,174,131,0.0287,0.9138,-0.8851,-0.9302,-0.8333,True,task_id,2000,20260808
all,rel_mat_err,cbea_lcv_legal,176,132,0.0455,0.2386,-0.1932,-0.2599,-0.1228,True,task_id,2000,20260808
all,rel_unsup_claims,cbea_lcv_legal,176,132,0.9261,2.2841,-1.358,-1.8342,-0.9,True,task_id,2000,20260808
all,rel_overcommit,cbea_lcv_legal,176,132,0.1477,0.5,-0.3523,-0.4353,-0.2626,True,task_id,2000,20260808
all,rel_unsup_rec,cbea_lcv_legal,176,132,0.1477,0.483,-0.3352,-0.4205,-0.2456,True,task_id,2000,20260808
all,rel_issue_omit,cbea_lcv_legal,176,132,0.0511,0.3807,-0.3295,-0.4096,-0.25,True,task_id,2000,20260808
all,rel_util,cbea_lcv_legal,176,132,1.3295,1.875,-0.5455,-0.7528,-0.3333,True,task_id,2000,20260808
all,rel_cov,cbea_lcv_legal,176,132,1.1875,1.1648,0.0227,-0.2042,0.2609,False,task_id,2000,20260808
all,exposed_artifact,cbea_lcv_legal,176,132,0.4659,1.0,-0.5341,-0.6114,-0.4583,True,task_id,2000,20260808
